timestamp,stratum,commit_no,git_size_bytes,loose_objs,packfiles
1764763793,3,1,70750208,       8,       1
1764763795,3,2,86695936,      13,       1
1764763797,3,3,102641664,      18,       1
1764763799,3,4,118587392,      23,       1
1764763800,3,5,134533120,      28,       1
1764763802,3,6,150478848,      33,       1
1764763804,3,7,166424576,      38,       1
1764763806,3,8,182370304,      43,       1
1764763807,3,9,198316032,      48,       1
1764763809,3,10,214261760,      53,       1
1764763811,3,11,230207488,      58,       1
1764763813,3,12,246153216,      63,       1
1764763814,3,13,262098944,      68,       1
1764763816,3,14,278044672,      73,       1
1764763818,3,15,293990400,      78,       1
1764763819,3,16,309936128,      83,       1
1764763821,3,17,325881856,      88,       1
1764763823,3,18,341827584,      93,       1
1764763825,3,19,357773312,      98,       1
1764763826,3,20,373719040,     103,       1
1764763828,3,21,389664768,     108,       1
1764763830,3,22,405614592,     113,       1
1764763832,3,23,421564416,     118,       1
1764763833,3,24,437510144,     123,       1
1764763835,3,25,453455872,     128,       1
1764763837,3,26,469401600,     133,       1
1764763839,3,27,485347328,     138,       1
1764763840,3,28,501293056,     143,       1
1764763842,3,29,517238784,     148,       1
1764763844,3,30,533184512,     153,       1
1764763846,3,31,549130240,     158,       1
1764763847,3,32,565075968,     163,       1
1764763849,3,33,581021696,     168,       1
1764763851,3,34,596967424,     173,       1
1764763853,3,35,612913152,     178,       1
1764763854,3,36,628858880,     183,       1
1764763856,3,37,644804608,     188,       1
1764763858,3,38,660750336,     193,       1
1764763860,3,39,676696064,     198,       1
1764763861,3,40,692641792,     203,       1
1764763863,3,41,708587520,     208,       1
1764763865,3,42,724533248,     213,       1
1764763867,3,43,740478976,     218,       1
1764763868,3,44,756424704,     223,       1
1764763870,3,45,772374528,     228,       1
1764763872,3,46,788324352,     233,       1
1764763874,3,47,804270080,     238,       1
1764763875,3,48,820215808,     243,       1
1764763877,3,49,836161536,     248,       1
1764763879,3,50,852107264,     253,       1
1764763881,3,51,868052992,     258,       1
1764763882,3,52,883998720,     263,       1
1764763884,3,53,899944448,     268,       1
1764763886,3,54,915890176,     273,       1
1764763888,3,55,931835904,     278,       1
1764763889,3,56,947781632,     283,       1
1764763891,3,57,963727360,     288,       1
1764763893,3,58,979673088,     293,       1
1764763895,3,59,995618816,     298,       1
1764763896,3,60,1011564544,     303,       1
1764763898,3,61,1027510272,     308,       1
1764763900,3,62,1043456000,     313,       1
1764763902,3,63,1059401728,     318,       1
1764763903,3,64,1075347456,     323,       1
1764763905,3,65,1091293184,     328,       1
1764763907,3,66,1107238912,     333,       1
1764763908,3,67,1123184640,     338,       1
1764763910,3,68,1139134464,     343,       1
1764763912,3,69,1155084288,     348,       1
1764763914,3,70,1171030016,     353,       1
1764763915,3,71,1186975744,     358,       1
1764763917,3,72,1202921472,     363,       1
1764763919,3,73,1218867200,     368,       1
1764763921,3,74,1234812928,     373,       1
1764763922,3,75,1250758656,     378,       1
1764763924,3,76,1266704384,     383,       1
1764763926,3,77,1282650112,     388,       1
1764763928,3,78,1298595840,     393,       1
1764763929,3,79,1314541568,     398,       1
1764763931,3,80,1330487296,     403,       1
